456.2044,1122.975,34079674,-36628.9236
-1816.5304,-1110.5043,39518863,15960.2143
-3478.2609,-2982.327,56564852,43133.8042
306.6897,-626.186,48753969,-13808.7217
-57.3285,267.3286,36943756,-24224.1057
917.782,476.0998,36095539,-2295.9685
-2159.9091,1971.1903,66883571,85295.9475
2846.6305,-3345.7249,52381918,-21681.9359
-3991.7153,-1326.9231,71820697,37109.7122
-843.3026,331.3194,43564538,-39342.641
454.9051,-2913.7529,63272993,45239.6741
-610.3564,2040.8163,40191157,-36479.76
3585.5784,803.9216,37555789,-6557.0842
-956.2058,1030.9278,34707717,-7583.5765
733.7324,-288.7948,28900820,-16730.8527
-1820.9699,424.7924,36775194,27246.1958
1639.9844,-288.4061,62513789,69989.0122
5820.2075,5534.1304,83611686,33749.1893
-689.7804,274.0727,44208542,-47126.3598
-3125.5712,-1293.7318,56313753,27382.0634
-1584.9057,-1698.357,57559814,2212.7117
-306.7485,-2159.6244,46987123,-18368.1813
-3538.4615,-307.1017,62008994,31970.1868
-1495.2153,-4601.4632,59290497,-4384.0366
-263.1046,-1069.6266,46740474,-21167.0059
872.5649,1774.7858,38236954,-18193.0547
-40.2334,-2425.3357,48878571,27830.7132
1630.1067,3225.1438,34243324,-29942.0517
1168.3168,1293.5323,37291208,8900.6663
2603.2492,1159.1356,40788968,9379.5835
-438.7638,1631.3847,27176035,-33374.0559
-708.9481,-687.9419,33559073,23487.7457
1601.6982,596.498,25008291,-25479.792
-2792.0228,114.7666,28895274,15542.7774
351.6999,-3152.4647,33014457,14255.5596
1440.81,2051.6867,26939467,-18400.9993
-1535.5086,1681.8094,35975925,33543.5664
-818.7135,-2376.4259,31654036,-12013.2811
3341.195,-740.0195,33024535,4329.6185
703.6896,2825.1913,29289884,-11308.7164
-1133.1445,1068.4984,24427813,-16599.8302
-611.2703,-1076.0808,33034150,35231.7131
-1921.9681,-1603.0534,38428816,16330.5731
1214.9716,-1474.0109,33835119,-11953.7823
2303.969,2145.6693,28251588,-16502.1763
-1495.0795,2004.2397,38387804,35878.3938
1959.6542,132.2501,32275677,-15922.0543
188.4304,-547.1698,24083616,-25381.5311
789.9191,75.8869,21104763,-12368.7946
1418.175,1327.0142,31691742,50163.9322
570.3772,1421.8896,28223947,-10942.2669
-2140.5049,1309.7215,67625518,139603.334
691.7181,-3040.7866,23925716,-64620.2843
389.8997,676.0563,23124143,-3350.2571
-184.9454,932.6618,20129015,-12952.3849
444.6915,-498.9836,19949972,-889.4772
-1235.9343,687.2214,17025050,-14661.2837
2185.282,-1014.573,23924329,40524.2804
621.4586,2366.7536,23008260,-3829.0269
326.9755,36.41,26360495,14569.7024
615.6075,181.9836,24399193,-7440.3079
-251.9345,690.2816,18928810,-22420.344
-1569.5472,-432.9785,19272255,1814.4035
1026.393,-1503.8956,21188682,9943.9687
-1197.3875,938.1898,19225092,-9267.1644
-73.4484,-364.4979,22167223,15303.5991
-202.1316,-329.2482,21414227,-3396.8892
626.0357,-220.2239,24944288,16484.6529
1280.8783,1379.4372,20817961,-16542.1719
18.0668,181.4224,20877108,284.1152
523.8439,144.875,28793753,37920.2186
1455.5256,343.5805,23785950,-17391.9774
-123.9816,2054.4242,29596827,24429.8714
-1418.6913,-600.3885,36195714,22295.9272
341.7881,-870.4921,38909096,7496.4179
-7171.029,-6971.3262,126834091,225975.4249
637.3117,-250.4334,33226948,-73802.8256
-1285.7417,926.9988,33532636,920.0002
-972.0062,-1492.5373,43369256,29334.4669
-2041.6176,-1670.5517,43134846,-540.4981
-60.1202,-2508.8898,48411684,12233.3531
1483.858,1317.1226,33114539,-31598.0436
-1639.9921,680,26460244,-20094.7837
180.7955,-993.2459,24257556,-8324.5189
140.3649,60.1926,25390718,4671.3774
901.0813,100.2607,24787301,-2376.5259
-635.0466,1141.8269,17951598,-27577.4398
1897.3437,-316.8944,22890966,27514.921
58.8005,1589.5092,24039140,5015.839
901.0774,136.9059,24102781,264.7391
-834.7894,468.75,22592342,-6266.6586
1468.285,-1244.168,20032017,-11332.7118
-2546.7876,1811.0236,27803514,38795.3794
593.9418,-2397.5251,24907532,-10415.8848
-964.3771,-19.8098,23842358,-4276.5136
596.1844,19.8138,23905769,265.9594
-1165.5472,237.7179,26118720,9256.9747
3118.1291,197.6285,34757944,33076.7511
1027.3309,2406.3116,24204566,-30362.4921
-441.2893,19.2604,24335223,539.8031
828.676,-19.2567,17721438,-27177.8278
1299.6942,654.8536,37653081,112471.9281
-283.0189,344.4317,25324828,-32741.6845
-700.0946,381.3883,22840779,-9808.7497
-1314.7866,-493.921,23368291,2309.5184
656.4974,-744.559,18243271,-21931.5139
-57.5484,480.8617,20866770,14380.6393
-115.1631,-421.1332,21149438,1354.6323
-807.0715,-38.4468,20305664,-3989.5812
-271.2127,-1826.9231,25833151,27221.4048
-2602.9526,-2879.5299,83217844,222135.8633
-618.2688,645.4215,42577106,-48836.5668
-280.9552,-240.481,33757639,-20714.1063
1408.7342,-522.2981,31188605,-7610.2301
-515.9754,1797.2536,45710516,46561.592
-119.6888,456.2587,35607946,-22101.1944
2236.8684,-868.8784,34097825,-4240.9663
-390.7013,1752.988,28816848,-15487.7239
1804.2753,391.5427,29028833,735.6287
-4006.9351,-2866.6147,133502985,359897.8712
-2809.5525,-1425.4166,50576699,-62115.6793
2085.4842,-366.5988,38140658,-24588.479
2224.9191,2023.7122,31304021,-17924.8009
1246.5374,1622.9213,28527781,-8868.637
-19.5427,808.3596,21400392,-24984.0287
19.5465,-586.7397,24806351,15915.4047
410.3967,-98.3671,28167461,13549.3931
0,1260.3387,19585194,-30468.7277
1790.58,602.8783,28391026,44961.6787
554.4933,1488.498,22269203,-21562.5282
1178.9314,838.0952,27317555,22669.6573
563.8038,1171.1371,25356841,-7177.4872
429.8262,522.7782,24545520,-3199.6139
-74.4325,204.3091,32024385,30469.3687
484.1713,-463.392,31433864,-1843.973
-1612.3054,18.622,53336533,69678.5766
5311.7348,4542.9157,89893301,68539.828
-196.7448,-302.7605,32776653,-63538.2697
1379.9283,178.6352,32157167,-1890.0221
282.8354,695.4351,25610587,-20358.0745
52.8821,88.5426,28078995,9638.2328
-1004.2283,159.2357,32327477,15130.4632
35.5935,-1077.5481,37550411,16156.3304
836.1502,464.2857,30558718,-18619.4846
-176.4291,604.337,26003419,-14906.7085
0,441.6961,35121958,35066.6926
689.2895,-299.0325,22075616,-37145.8277
737.2301,211.7149,26587749,20439.4432
993.2044,1496.4789,29335221,10333.6014
172.5328,711.1882,19473499,-33617.3435
241.1299,189.4592,16920721,-13108.9847
-309.2784,-17.191,15756913,-6878.0048
482.5922,-223.5213,18162301,15265.6044
-617.4957,0,21655161,19231.3738
310.6662,-34.4649,19283902,-10950.0871
-1169.9931,-689.5363,20523493,6428.1129
208.9136,-121.5067,18856423,-8122.7401
69.4927,-208.5506,14214341,-24618.0413
34.7222,17.4155,17271044,21504.3596
86.7754,296.0125,15221922,-11864.4941
381.4808,520.8333,18732373,23061.8118
103.6448,-172.7116,18151506,-3100.8725
379.6376,138.4083,18552579,2209.5853
-240.6739,691.085,20971202,13036.5864
120.6273,-171.5854,16417207,-21715.4696
-361.4458,-343.7607,16930185,3124.6362
-742.788,-569.1618,20860269,23213.4734
226.2443,-1110.1474,26075363,25000.1282
138.913,1157.6916,18900489,-27515.9122
-104.0402,190.7404,16278416,-13873.0432
86.7905,-536.5178,17493359,7463.521
-398.89,278.4061,20146083,15164.1774
-2124.3253,-1457.5742,35113934,74296.5816
1494.396,-1391.09,29302962,-16548.9062
-911.4812,892.8571,30130213,2823.0969
-477.6225,-194.6903,24274273,-19435.4418
1653.0395,-425.6074,27062614,11486.8157
104.9134,2635.797,44606965,64828.7375
-558.952,-624.6746,20937104,-53063.1506
-210.7852,139.6892,17383982,-16970.4559
1672.2408,278.9887,33707272,93898.452
103.8781,712.9195,19822203,-41193.0963
-674.5071,-86.326,19955336,671.6357
-922.8626,-1365.1287,21688720,8686.3183
1845.3427,-262.7891,28065071,29399.3883
138.05,1668.716,20536400,-26825.7686
-1085.6454,-120.9399,25463536,23992.209
348.4321,-415.1531,29910788,17465.1784
-312.5,-277.9225,19189515,-35844.1677
-313.4796,-243.86,20085874,4671.0873
698.812,34.9223,16726411,-16725.5007
173.4906,785.4774,16212611,-3071.7887
103.9141,190.5092,20089020,23909.8378
415.2249,103.7165,18196509,-9420.6238
-1464.5072,-34.5363,26497418,45618.1403
-139.8846,-1347.383,22177464,-16303.3017
-332.6913,-717.9128,25313748,14141.7612
878.4259,740.7407,27402451,8251.2594
-348.3107,420.1681,23830014,-13036.9251
768.9619,296.3738,19149538,-19641.0963
-225.4596,-104.2934,22878397,19472.3183
-486.7026,52.2011,49455612,116167.2953
4209.607,4834.7826,80032206,61826.3383
2246.061,-564.0345,54066978,-32443.4741
-16.3934,1518.1849,35137164,-35011.7848
-590.2607,-65.7354,29911608,-14871.8775
-874.1547,-328.8933,28479856,-4786.6099
-382.6955,-989.9357,33574684,17889.2337
83.5143,249.9583,26434697,-21265.9842
-200.267,-315.8245,24532986,-7193.9958
-618.7291,-250.1251,22147005,-9725.6037
-370.1834,-484.7877,21600427,-2467.9545
-844.452,-1478.2463,28697016,32853.9292
2912.6214,1926.6837,31664798,10341.7791
82.7541,1288.0562,22935355,-27568.2889
-496.1138,-908.3402,49632479,116401.6166
-2443.0779,800,57822394,16501.1202
545.1448,-3720.2381,38767843,-32953.5837
-1524.9068,1356.689,41328422,6604.9045
1290.4336,-1169.0952,35904126,-13124.8563
1324.9533,1045.774,27332475,-23873.7214
1659.6815,2494.0618,32132728,17562.4527
-478.2322,612.4814,27686311,-13837.658
845.0704,-460.6779,19652595,-29016.9246
427.21,793.3884,23206700,18084.6601
-1178.0105,49.1965,21848913,-5850.8405
215.2318,-1163.7436,8409616,-61510.1401
132.1659,66.335,20732619,146534.6694
791.9485,513.7554,22366721,7881.7925
-1358.6512,346.249,34655435,54941.956
-1759.0441,-1232.3365,34542121,-326.9732
84.4595,-1713.5252,25515665,-26131.7364
1637.1308,1049.4245,23552658,-7693.3405
-448.356,1222.7806,19907035,-15478.6054
2368.6405,-695.019,30808969,54764.2278
-586.6058,2149.6417,21220753,-31121.5088
1573.5125,-195.7586,27349356,28880.2334
322.7368,1046.0935,20198081,-26147.8735
1302.8792,1099.9676,35718868,76842.8793
-476.3417,800,30352654,-15023.4716
-159.5405,-476.1905,27669868,-8838.7197
-447.4273,398.7241,42453083,53427.1251
2118.7801,-619.5393,34338219,-19114.8991
-125.7466,1806.266,26028379,-24199.9738
0,-408.2274,17096304,-34316.678
15.7381,646.3818,22176585,29715.6684
-487.8049,-610.9023,12403819,-44067.9482
63.2511,-378.2506,11763173,-5164.9093
-458.2807,300.5854,14653348,24569.6888
-142.8798,-851.735,10250582,-30046.1437
-1208.2671,159.0837,25579908,149545.9087
708.0785,-270.0127,20694101,-19100.1742
-447.4273,-493.7092,21339969,3121.0247
0,-464.1485,24875968,16569.8413
866.7737,176.8773,19922919,-19910.9799
-318.2686,738.3628,20382730,2307.95
-31.9285,-47.8011,18593004,-8780.6
910.2523,-191.296,21517335,15728.1255
-917.8668,718.735,20968223,-2551.9517
143.747,-697.7482,19422310,-7372.6467
-271.1324,95.816,20663983,6393.0243
-47.977,-15.9541,19670102,-4809.7262
-320,-686.1337,18451655,-6194.4112
706.26,690.874,30213462,63743.9135
350.6535,47.8698,23097581,-23552.0213
889.4536,797.4482,24672940,6820.4502
251.8892,1186.7089,24654933,-72.9828
926.5075,265.8327,43554645,76656.9189
2349.4632,1980.6613,44817972,2900.5563
-988.1423,458.7857,31651445,-29377.784
-736.9876,-1263.5104,25270549,-20159.8884
-1655.0657,-770.8912,39671528,56987.2028
-644.8569,-1724.6737,45827013,15516.1278
807.3453,395.2569,30301759,-33877.9532
-62.8141,0,19796360,-34669.2712
-329.9811,377.9528,20277226,2429.0627
-141.8887,-266.7085,18096358,-10755.2581
1136.7225,-78.6535,22644443,25132.5985
-93.6622,1149.2443,18170729,-19756.3438
1125,-15.5642,22920101,26137.4874
-231.7676,264.6326,23108426,821.6587
-61.9483,139.7299,17005157,-26411.444
-15.4967,372.093,20546345,20824.2006
154.9907,-417.0528,21248818,3418.9682
-201.1761,217.1553,20655869,-2790.5035
-201.5816,-433.3694,19292651,-6599.6642
403.9776,139.9036,20273128,5082.1269
0,170.7544,21796800,7515.7223
-603.5283,15.4967,15871507,-27184.2335
-389.2262,-712.7363,23239825,46424.8165
1500.4689,78.0275,26937459,15910.7652
-1432.0912,873.2263,24539597,-8901.5894
374.9414,-1082.0838,18139405,-26081.0803
31.1284,-31.2549,18750255,3367.5305
202.2717,343.9112,18520987,-1222.746
916.1491,109.0513,21510907,16143.4161
-400.0615,1447.2456,19846832,-7735.9593
308.9757,-122.7182,19538245,-1554.8426
-338.8264,-153.5862,20100035,2875.335
-463.6069,-738.3479,14280202,-28954.3426
527.8683,30.9933,24833810,73903.7725
-169.8842,309.8373,20674296,-16749.3993
355.8168,247.1042,49219686,138071.884
92.4927,0,14598083,-70340.9668
-1108.8865,431.3665,26640480,82493.0027
1277.0596,-1641.356,20680015,-22373.7147
-246.0403,1278.8522,19269203,-6822.1034
169.5699,277.1789,22617105,17374.3668
184.6722,-752.457,18614662,-17696.531
291.8587,510.5988,20080358,7873.8792
275.6931,246.3054,13618424,-32180.3725
366.5801,460.688,15122823,11046.7922
228.2758,351.5744,21040331,39129.6519
-470.6954,243.7167,20400871,-3039.2107
274.5995,-638.2009,12997449,-36289.7349
-258.6338,1391.6501,21448594,65021.5669
259.3045,-1055.8069,18103453,-15596.0852
-76.0688,381.0976,14108533,-22067.1714
-228.38,-364.4647,17952742,27247.4041
-76.3009,-15.2416,18791533,4672.2166
-381.796,-274.3902,17108513,-8956.2677
-429.2503,-198.716,17896483,4605.7188
816.0123,-382.907,16689265,-6745.56
-137.4465,445.8795,15155611,-9189.464
-535.25,489.8209,26992771,78104.1424
707.2571,-289.4136,22299477,-17387.2256
1374.0458,320.8066,32522645,45844.8779
1701.8072,2756.2053,29769976,-8463.8534
577.5211,622.4066,30242730,1588.0228
-132.5088,265.0957,26190770,-13398.1291
648.6805,102.8202,34970953,33523.959
278.3067,1115.1871,39548818,13090.4783
1387.6716,-333.7687,31954362,-19202.7382
-158.4786,1499.7088,23906119,-25186.6803
-317.4603,-473.3898,28927973,21006.5632
-390.8512,-504.4681,21749409,-24815.3025
276.1227,-188.3239,19128782,-12049.1872
-86.9565,101.5965,18566087,-2941.6144
145.0537,-159.4896,22858414,23119.1796
391.0776,188.7888,17977830,-21351.3676
-1226.3743,-913.1758,28789413,60138.4205
-116.8566,365.7109,18714123,-34996.5107
73.1208,-685.0313,31530301,68483.9893
1432.1204,132.081,34956038,10864.9042
-2780.5792,967.3164,30548781,-12607.9992
340.8417,-2162.8683,25201274,-17504.813
-29.5377,148.368,26961119,6983.1589
1122.7655,577.7778,16237550,-39774.1985
336.0117,1222.5659,15425824,-4999.067
131.0425,218.2771,14666865,-4920.0548
1236.0041,145.2011,21854095,49003.1783
488.3654,1203.4218,19827923,-9271.3608
643.2247,-14.3266,17072838,-13894.9753
-809.5441,1060.3238,30436364,78273.6063
372.2795,-411.1726,21603601,-29020.4277
2368.0456,284.738,34770261,60946.5987
724.6377,2172.0613,33316760,-4180.2994
332.0421,458.5244,31511065,-5419.7797
-179.2609,470.2628,22301765,-29225.6069
-607.8188,-178.9648,24588270,10252.5742
-2265.4621,-648.1865,49187396,100044.1511
-767.9181,-3872.8484,47761743,-2898.4112
1246.7756,1111.9134,25258614,-47115.3848
-537.8627,1271.0654,25510685,997.9605
-526.5405,-2312.7909,26068709,2187.4128
143.0615,664.0681,48345085,85452.5477
1242.8571,1104.2593,23798268,-50774.1728
-1354.5929,453.9007,21512231,-9605.8965
514.9478,-861.3386,19891051,-7536.0849
-14.2308,470.0185,22965738,15457.6397
1352.1207,-637.9359,27617291,20254.3154
-954.9221,1869.0255,19606974,-29004.7166
-1871.544,-1806.7227,25215128,28602.8533
852.478,-1283.697,25806200,2344.1166
-1876.7908,245.6292,28918715,12061.1132
642.4296,-864.8025,24161068,-16451.7926
-1102.5678,799.6511,16165538,-33092.6183
1334.898,-1543.3434,21176272,30996.3949
-738.2745,14.6499,21117572,-277.197
1297.9437,629.8521,16878317,-20074.5379
748.6323,1106.2591,15014503,-11042.6531
14.2898,777.4259,17460022,16287.712
1657.3796,985.7143,17750925,1666.109
871.3985,1145.8481,20269816,14190.1957
1407.2732,1034.965,25868086,27618.751
783.1822,775.1938,21803907,-15711.1701
-68.1663,398.3516,26435296,21241.0968
763.9836,560.9523,22416222,-15203.4386
487.4086,925.1701,42361025,88974.8638
-579.3587,-984.0927,46717082,10283.1719
-257.4875,108.9176,21394826,-54203.4196
801.6304,367.1971,22018681,2915.9153
-188.7047,731.7073,16252233,-26188.8893
-1201.8906,-780.1991,36844220,126702.5091
-164.0241,-1477.7657,18306680,-50313.292
-465.4984,866.9327,23600054,28914.9862
-165.0619,-272.8513,20823890,-11763.3799
-440.8928,-752.394,26499158,27253.6399
-152.2281,-496.2095,18214424,-31264.1405
734.5807,290.899,22578952,23961.9326
-385.2504,552.4862,18705681,-17154.3436
538.674,-975.2747,22044587,17849.6896
-439.6208,221.9448,22213410,765.8252
-1462.6742,-484.4291,24734461,11349.23
1526.3969,-403.338,21443675,-13304.4581
1503.4483,2024.8569,20096592,-6281.9596
-502.7857,725.4312,19181402,-4553.9562
587.2712,-339.7201,18150402,-5374.9981
-1697.2166,327.243,22977519,26595.0969
124.3094,-1780.3751,18761491,-18348.491
-469.0302,276.74,17734767,-5472.5075
1399.8614,-165.5858,14343674,-19121.159
-601.4215,843.1237,13766507,-4023.8435
-41.2541,-301.5351,17098282,24202.0361
178.8417,164.9711,12794301,-25172.0085
13.7325,274.499,14569715,13876.6002
302.0733,-1108.6778,11478382,-21217.5255
1314.1684,1051.9031,16897801,47214.137
1026.8883,1397.0689,27652811,63647.3941
-1110.0709,918.5465,21736161,-21396.1973
-446.3078,-1833.7572,22242384,2328.9439
-285.2873,545.405,16535785,-25656.4179
1280.654,-81.367,17471200,5656.9132
-484.2615,882.1933,14703816,-15839.6905
1054.339,-26.907,17910383,21807.7198
-107.0091,605.5713,14394850,-19628.4636
709.6947,227.3943,13380802,-7044.5194
-585.0286,93.4205,15733914,17585.7322
722.2148,-226.6667,38578441,145192.9062
-199.1767,534.545,23306959,-39585.5343
372.5386,-26.5851,16093344,-30950.4771
-662.7784,186.1455,21587878,34141.6551
-974.1126,-318.5136,19186140,-11125.401
269.5055,-1491.1463,14111365,-26450.2135
-1545.4912,135.1534,24149163,71132.7217
0,-566.8781,18019577,-25382.1882
805.3508,-162.8886,19565135,8577.1048
27.0819,-13.5962,10883787,-44371.5211
839.3123,543.9217,17079114,56922.5307
161.0954,1041.3849,15304762,-10389.0167
-469.106,-53.5404,12190403,-20348.9541
579.0466,-897.2814,13317681,9247.2579
1713.7502,1648.6486,21195261,59151.2892
39.4893,598.2451,13959814,-34137.0979
381.5789,396.4583,11386502,-18433.7127
0,473.8713,13944545,22465.5737
170.4024,39.303,15388898,10357.8353
915.9906,170.2462,16876538,9666.969
479.7718,1438.0965,15335742,-9129.8109
206.4783,-219.1004,12380093,-19272.9442
-77.2698,64.5828,16823989,35895.4977
25.7765,258.1645,13300701,-20942.0489
386.5481,-128.7498,15092758,13473.4026
1155.1791,966.8686,22866426,51505.9474
25.3775,855.4648,20627173,-9792.7547
38.0566,-113.9385,17517182,-15077.1557
-291.6561,-405.5767,20410808,16518.7871
165.3313,789.0048,32120717,57371.1193
6411.8842,6527.7778,71066729,121248.8874
95.454,-794.1211,31756653,-55314.3173
-846.3464,788.5305,27086575,-14705.8256
0,-806.0692,22307371,-17644.1798
1045.9245,-394.3595,23992945,7556.1302
107.0791,875.8248,17633543,-26505.2998
392.2035,142.7212,19860852,12631.0918
-236.7705,676.9596,17939727,-9672.9234
344.132,-743.1874,18034170,526.4461
-555.8184,-35.6549,21178356,17434.6033
-261.6244,-380.4542,19397793,-8407.4656
71.5393,-155.1498,14196896,-26811.7976
142.9763,-191.2503,18801280,32432.3289
-1273.0518,-35.9281,19383102,3094.5872
265.1241,-443.273,20962750,8149.614
-961.5385,24.0674,22078993,5324.8882
157.767,-866.2175,16314978,-26106.331
1441.8999,412.6214,21237454,30171.5148
-728.6192,1317.3797,20553089,-3222.4437
180.4837,-978.1701,7425603,-63871.1096
732.6447,361.4022,18265242,145976.549
1204.2447,912.2554,21925959,20041.9847
-1814.3261,761.2704,27381109,24879.8696
995.9203,-1416.5978,33054647,20720.629
106.9265,107.7715,29532132,-10656.6408
-3774.0328,980.8612,39094880,32380.8251
629.0084,-3648.4245,26152261,-33105.6624
1458.5121,258.1756,26162054,37.4461
-350.3262,1213.9792,23184547,-11381.0139
2024.4878,1320.5718,24489106,5626.8471
1271.3878,789.1905,22857854,-6661.1333
410.6535,1210.108,23924105,4664.703
-268.7544,504.0441,22062679,-7780.546
-773.2865,-361.5582,19305961,-12494.9377
2550.4782,-198.9933,53936687,179378.4106
-541.1629,2181.5623,22283752,-58685.3527
-636.7215,-883.8384,23524787,5569.2372
-361.1791,-173.7116,23674931,638.2374
-23.3863,-174.0139,17990745,-24009.3033
11.6959,-755.3748,14145841,-21371.5663
-128.6399,-105.3864,9891237,-30076.713
362.9977,398.5465,14678025,48394.2302
11.6673,291.8856,10594344,-27821.7335
-209.986,-314.319,18717406,76673.5722
479.3079,583.9075,22483797,20122.3984
465.3869,-81.2725,26061439,15912.0899
880.139,615.8494,21911974,-15921.8568
1239.8117,1235.7085,23407110,6823.3743
102.0524,616.0164,22113049,-5528.4954
-67.9656,510.2041,19484317,-11887.6958
-453.4119,-891.145,18652201,-4270.6963
296.0601,307.3071,17808877,-4521.3109
1725.7039,612.7312,24271531,36288.9474
-1395.0893,1612.7213,36599736,50792.861
2026.0328,-1132.0755,25621164,-29996.3147
-44.3754,808.2622,24159683,-5704.1944
-110.9878,378.6192,36875013,52630.3677
1788.8889,-155.314,23601555,-35995.8056
316.5593,2111.1111,23412841,-799.5829
-87.0511,707.2905,33277483,42133.4686
555.4345,-86.4398,26383238,-20717.4473
1873.7139,702.9307,29172167,10570.8367
-148.8412,2169.244,31569940,8219.386
-1256.3884,-1933.992,38635053,22379.2411
2447.7033,482.3151,48756338,26197.1557
-789.3906,1109.3333,47227882,-3134.8868
-2631.0206,-1213.2081,47867753,1354.8586
-4118.5443,-3289.1927,51031465,6609.2762
3784.0909,-4052.5618,67998564,33248.3087
-1883.2804,4143.1695,41107592,-39546.3822
-5133.3557,-861.9737,55628657,35324.5332
3728.9731,-3801.137,63499065,14148.1179
1077.3418,2827.3465,35720341,-43746.6662
785.3697,214.1086,26407702,-26070.9689
1090.9496,-472.2816,34960912,32389.0735
2037.2206,3050.5028,27823866,-20414.3588
-712.2815,1359.5001,30596919,9966.4547
782.6087,-1049.2158,30911725,1028.8814
-1326.5746,1639.7027,26922503,-12905.2067
262.3238,-1000.2151,24392753,-9396.4146
2540.0632,760.4563,26329226,7938.7226
1445.8856,1778.9757,30199846,14700.8499
-1278.558,1419.4915,25869119,-14340.2288
-456.4756,-940.046,31167338,20480.8637
-981.124,-896.2463,37135561,19148.9661
215.4012,-2564.1026,32830389,-11593.125
634.0677,829.8755,23901578,-27196.7871
-341.7343,2165.9086,22175776,-7220.4521
578.6541,-1250.795,26716127,20474.3726
607.2874,1191.4985,25887828,-3100.3708
2234.4594,1081.9985,36937254,42681.9353
238.2432,1269.808,26073742,-29410.7191
-2438.7723,518.1347,35387817,35722.0494
-593.1575,-1938.1443,32131981,-9200.4432
351.6249,-1671.5728,27610998,-14070.0413
445.9546,1229.552,49081279,77759.8876
-1807.611,-992.8179,33344085,-32063.5369
258.3701,-736.0785,23075240,-30796.6016
-697.9491,-128.9629,24457082,5988.4188
-2908.737,-1786.2908,38604715,57846.7742
-2906.7825,-1939.301,44068949,14154.3177
7570.5437,1240.2235,56396780,27973.9619
-4595.8627,4778.722,56569011,305.3915
-89.4154,-5392.8797,52501146,-7190.9778
2103.1435,400.8016,45867548,-12635.149
-3013.0382,321.5791,48515417,5772.8593
1344.329,-983.7515,37213837,-23294.8219
2920.5217,-1931.2347,35559956,-4444.2636
54.1536,5224.815,29771881,-16276.9465
-2327.3436,-1027.6936,38026000,27724.5465
598.4706,-491.857,31533943,-17072.6792
2324.5566,1482.8647,26939883,-14568.619
-1098.1912,-411.2999,24872110,-7675.5085
1872.4145,456.4721,26758879,7585.8823
-534.3022,1752.6777,23346063,-12753.9573
1171.0357,21.2653,20288083,-13098.4826
2017.6277,988.6255,26771000,31954.3103
385.1358,1284.2105,21043287,-21395.215
-342.1817,228.6427,23552541,11924.2493
-1154.9266,-549.5645,31154377,32276.0759
368.4211,-177.2495,22331829,-28318.8073
-2338.752,522.2478,34524799,54599.0658
-869.8454,-3054.8628,33729257,-2304.2625
2112.4472,267.9528,42529043,26089.4748
1654.9968,4329.2357,48272780,13505.4461
-2400.334,-1301.2295,41523605,-13981.3265
1582.5492,-3238.8664,31408927,-24358.8629
-1568.4211,1909.6663,27471002,-12537.598
598.8664,-2137.0671,31142497,13364.9839
1158.7116,387.2633,22531325,-27650.8721
1113.9134,1982.4261,24242019,7592.514
-426.1068,714.5109,23484589,-3124.451
1179.4176,166.9275,27327410,16363.1605
1000.6189,1510.2593,22388119,-18074.4937
-214.4827,348.8611,16778316,-25057.0537
337.7687,122.6994,19454124,15948.0129
-724.2681,-694.4444,24594010,26420.5471
-174.6815,123.406,17384742,-29313.1051
-998.456,-616.2695,17246716,-793.9491
187.1491,-775.1137,17865840,3589.8081
1286.841,1031.1426,19422467,8712.8677
-102.459,701.0309,15441189,-20498.3126
1189.7436,-993.0385,21251222,37626.8498
-354.7537,2088.7189,26649287,25401.1981
50.8595,-435.5312,18363918,-31090.3965
-355.8357,-467.9552,28670981,56126.71
959.0858,480.3761,22158528,-22714.4408
-111.1673,996.8467,34140891,54075.6272
1972.8855,-10.0715,28655624,-16066.5608
873.1025,1994.3594,27281623,-4794.8738
511.4586,730.792,23514402,-13808.6396
293.5708,470.5882,21122917,-10170.299
-1570.885,165.886,28232197,33656.7151
743.4576,-1519.7272,22165128,-21489.8933
-570.6976,276.9809,23490894,5981.3144
257.2984,-266.351,18325228,-21990.0784
-454.0519,613.2542,29492875,60941.3809
565.1958,-68.8164,25691811,-12888.0755
-1271.9385,-137.7275,65738585,155873.6906
729.0522,-1477.6869,23586037,-64121.4714
0,-359.964,28653087,21483.2615
1001.3881,1726.0411,26180792,-8628.3722
-716.5996,700.4045,23198188,-11392.3368
-721.7718,-1635.9718,38923105,67785.1089
-2011.7518,-408.3259,35433333,-8965.8109
701.2908,-1180,26897244,-24090.5618
-1554.2996,769.0751,31298386,16362.7991
1117.4903,-2209.279,26650671,-14849.6954
-20.2778,1591.7026,28053214,5262.693
1419.7343,-838.9771,19564521,-30259.253
-959.904,2426.0958,14670275,-25015.9255
716.8097,-975.3185,18977402,29359.5519
1403.3681,391.9598,19234627,1355.4279
682.0878,1761.9381,18211980,-5316.6978
265.0957,344.3187,19293140,5936.5319
-137.0936,-833.3333,19644648,1821.9326
2167.0916,1601.5818,24335929,23880.7079
1190.1334,1556.8746,24653500,1304.9471
-493.2182,986.8736,21786912,-11627.5093
991.3259,-749.5256,25901726,18886.6325
-783.3884,1271.389,29493927,13868.5777
-684.9315,-953.3698,40171646,36203.1106
1791.1877,3002.0013,56038827,39498.4587
1599.6989,-1646.9282,29706955,-46988.6209
-287.1168,2135.4657,26316619,-11412.6002
2944.4548,-561.8495,30798058,17028.9314
-1091.7622,2575.0278,31372110,1863.9227
-1769.75,-505.689,37005292,17956.0189
-2145.2452,-2713.7412,34668327,-6315.2184
673.8161,-653.046,27655152,-20229.3436
188.537,-431.9654,23628699,-14559.5041
1213.7749,-594.1715,26104258,10476.9162
436.9248,2277.0398,18659599,-28518.9451
83.3025,296.846,20265947,8608.6952
693.6095,406.9552,16080214,-20654.0213
560.2498,709.2852,15487502,-3685.9708
164.3986,347.5716,13677211,-11688.7217
-610.9237,-264.3332,18183724,32949.064
-724.7706,-164.5037,18474884,1601.2122
1247.5742,-622.4826,16788314,-9128.9883
-1734.2096,-64.4805,29982806,78593.312
-18.577,-175.1313,21384289,-28678.1597
-55.7414,-867.9594,18061512,-15538.403
-659.974,139.7168,17914201,-815.6072
-832.7875,-548.7862,22881861,27730.2906
1019.0602,-1000.7482,18000639,-21332.2771
467.0278,1228.153,18167723,928.2115
780.9595,485.301,17234020,-5139.3507
1107.0111,1486.0221,19662331,14090.2181
602.1898,613.1601,19151528,-2597.8761
1596.2271,463.8894,20818044,8701.7391
-62.4888,1104.5722,22798702,9514.1407
339.4372,17.9099,23222713,1859.8032
-551.9452,-752.0817,22634641,-2532.3139
-2882.4635,144.3392,32872352,45230.2778
230.436,-2486.2625,23477624,-28579.4214
-487.4011,-18.4758,22498646,-4169.8342
1081.2309,563.6145,20727906,-7870.4292
1700.4937,55.1268,24301774,17241.8188
422.5099,2323.2323,18891064,-22264.6709
1074.21,619.2228,26055620,37925.6351
407.4041,1105.9579,19122349,-26609.5031
-1084.9431,291.108,20736516,8441.259
954.1644,-1319.3773,22170934,6917.3529
-1333.8044,766.5567,21728429,-1995.8789
1674.1271,-681.1146,23714512,9140.4813
607.5548,1531.8846,71229698,200363.3303
358.8307,-850.8772,27334460,-61624.911
-191.8549,1565.9559,22668014,-17071.6597
-410.6597,-287.4564,19352025,-14628.4937
377.2592,270.8133,19091299,-1347.2802
-34.962,-514.0268,21647811,13390.9798
1084.2004,490.4107,18883079,-12771.416
-397.8895,479.3028,20787239,10083.9487
17.3686,104.0763,16648018,-19912.3174
-2066.5104,-701.7848,34821717,109164.3402
-585.1583,-1727.5979,29068859,-16520.8913
-1141.5322,-861.227,29640588,1966.8092
1271.9892,-465.6994,26198594,-11612.4349
-5433.8144,89.9766,61376315,134273.3163
-235.4936,-5294.858,63904282,4118.7989
3455.7643,3474.1338,47742109,-25291.2207
-1797.9374,-91.7347,32068103,-32830.5689
3159.8513,578.4593,31610164,-1428.0202
-261.2613,1953.6242,26548243,-16013.5866
-1996.2063,-1414.7564,32506192,22441.971
147.4654,-1062.6703,32785475,859.1686
892.6928,358.0281,26545607,-19032.416
-1395.6034,-1417.8558,43770429,64887.6554
-5346.901,593.8573,63897759,45983.8536
5844.4097,-1715.7089,61646819,-3522.7214
-1237.3038,-807.1328,55523104,-9933.5458
-2907.629,2289.7152,55162001,-650.3653
-115.5513,-4116.178,65350878,18470.8256
2969.2471,1717.1522,51062383,-21864.274
-833.2553,1526.9347,33384201,-34620.754
226.5861,-532.4615,37680194,12868.3415
1271.6654,-103.3058,27922144,-25897.027
195.3307,949.5158,24340248,-12828.1553
3936.1307,1918.4206,37901704,55716.1784
-187.567,2156.4327,25644105,-32340.4958
-1950.783,-849.7317,32039223,24937.9653
-2464.1782,-1290.0316,33621807,4939.5205
65.5001,-1709.0111,35374583,5213.2118
-1842.1545,511.3901,39495141,11648.3578
2200.6288,-2876.9658,38505165,-2506.5767
941.4616,1990.6658,33502121,-12993.1764
-3389.0479,1111.3186,44773899,33644.9683
-2781.4949,-5975.8012,64052457,43057.5814
1376.4625,1768.1729,28130621,-56081.9017
-38.7935,-1380.3089,13823099,-50861.0244
3298.729,2564.3535,32336165,133928.4773
629.2852,1412.3485,29124486,-9932.158
3714.7657,1524.4189,46788461,60649.9116
-836.933,2261.5627,28123195,-39892.883
635.2664,335.3576,33665624,19707.679
1082.1535,2077.6874,34732772,3169.8447
-3184.9407,-938.0531,45196984,30127.7767
617.3977,-5467.2146,49107431,8652.0087
-4002.198,2419.2024,45044937,-8272.6665
2642.6255,-3303.1925,40801525,-9420.3972
929.4544,4770.9924,42381947,3873.4386
451.2386,992.714,36183020,-14626.3384
339.2006,-1181.3509,31333362,-13403.1322
-3124.7145,-1213.7251,47043136,50137.5307
-2961.426,-2623.5566,56957314,21074.6537
1049.6647,-1574.8031,49319196,-13410.2496
-269.3085,-96.3855,68198186,38279.1925
-2102.4207,-578.8712,70334184,3132.0452
-3231.2087,-1377.9719,111242070,58162.1676
-4173.8776,-3886.6476,43935192,-60504.8773
6830.9784,-2600.3276,51634793,17524.9058
616.5473,4372.5037,49498509,-4137.2956
-780.7867,2809.6677,38169312,-22887.9561
1175.4159,-783.6223,33173765,-13087.8623
-443.0442,-1717.8399,35329345,6497.8455
-3678.7975,552.4862,42578410,20518.5378
4650.924,-379.6204,44060620,3481.1305
127.5385,1925.3911,35656136,-19074.8201
725.0637,1377.4105,31514415,-11615.7314
1429.9611,795.8075,32280840,2431.9823
-642.5626,-616.2141,30067556,-6856.3396
-772.2008,-29.0641,28314202,-5831.3818
-729.572,-1250.1211,28437079,433.9766
2900.539,598.6261,31587616,11078.9754
352.3474,2682.6651,29853865,-5488.7048
702.2205,-247.0074,28393015,-4893.3363
1498.3038,2342.8571,37427587,31819.6993
-1884.6904,-660.711,32371253,-13509.6446
974.6404,-590.1639,25874294,-20070.1499
-477.9308,697.3238,23164838,-10471.6133
913.371,355.6055,31218193,34765.4277
-1950.1726,-913.8381,29476719,-5578.3946
-2036.5436,-1298.7013,31490547,6831.9273
3341.7525,-247.9024,49471866,57100.688
-1833.0513,-783.789,55636391,12460.668
-1580.0057,-19.2678,35535690,-36128.6932
2879.9377,-876.8549,31315282,-11876.5331
1399.6595,3101.0013,27325365,-12741.1179
-1109.8676,886.2908,20609759,-24576.4549
-716.7783,-1691.5888,29760697,44400.9947
379.9753,-760.5286,21461093,-27887.8011
-397.4638,1733.8826,18914123,-11867.8485
1558.1948,-56.4972,25056595,32475.5845
-74.8433,1281.3265,18394869,-26586.717
84.2618,-1106.9767,21784703,18428.1497
1234.7989,1505.0325,26606886,22135.638
-46.2022,-111.2038,18038460,-32203.7912
-942.9602,64.9411,21607671,19786.6725
2109.1927,-890.0426,29063231,34504.2277
1425.8294,2946.6791,27763218,-4473.0505
558.7096,1553.8392,23750599,-14453.004
690.026,-447.3873,21536733,-9321.306
-169.0993,386.4821,21487062,-230.6339
-124.8106,313.3674,29083934,35355.5642
446.309,758.6576,23501169,-19195.3571
-239.936,115.1563,26608014,13219.9594
-498.842,-681.2953,19538318,-26569.7996
44.7628,-338.5301,17686996,-9475.3397
-1217.0022,-420.1305,25338954,43263.1861
108.7055,-2010.772,22818430,-9947.2299
2099.3575,1676.4383,26491618,16097.4616
700.1684,1648.7972,26132717,-1354.7719
774.5115,1161.1416,35513771,35897.7369
78.6026,359.2395,30763367,-13376.2309
1151.933,698.446,54630661,77583.4908
1432.1456,719.6116,31207596,-42875.3095
68.0446,1652.7503,37588697,20447.2687
-110.4972,-592.7682,28113343,-25207.9874
2297.4813,-212.9653,29854446,6193.1553
-2636.8325,2014.6833,33624528,12628.2095
521.1448,-2460.251,27067117,-19501.8678
212.4766,1767.3301,26097665,-3581.6596
-966.8391,-623.8408,22733427,-12890.954
137.0215,-373.2609,18334755,-19348.9173
863.7646,536.4441,25399752,38533.3592
915.7199,745.3206,22789103,-10278.246
142.8331,92.4758,18142297,-20390.4735
654.4173,671.9301,22860744,26007.9912
-508.4604,200.2336,20112848,-12020.1512
444.0349,-591.174,15826245,-21312.7599
33.3639,351.7883,15116186,-4486.5917
-541.9828,-984.8927,17611981,16510.7455
762.9108,952.5415,16477169,-6443.4092
116.4822,651.3026,14209121,-13764.7918
515.2497,82.96,19745143,38961.0448
82.6788,248.6737,15792572,-20017.9406
-231.3094,578.7994,14071787,-10896.1669
828.0202,-328.8392,19300938,37160.5326
1313.9525,783.5698,27990998,45024.0294
316.1222,351.911,15648724,-44093.7261
1357.4661,1206.9809,24025521,53530.2239
-342.7934,1361.805,31256980,30099.0726
3311.7351,3394.5465,38033892,21681.2757
572.9772,-276.7953,23654933,-37805.6471
-92.3859,154.202,16324183,-30990.3647
639.5931,-69.2841,24166503,48041.1179
-2082.6953,554.6568,26821692,10987.0634
-1305.9118,-1953.5739,27350161,1970.3045
2131.3684,-484.4507,24911126,-8917.8086
-581.8464,-761.6206,24239464,-2696.233
-2052.2825,55.3841,36017661,48590.9961
-7.97E+00,-806.5792,28418996,-21097.0529
-7.97E+00,-916.773,27235835,-4163.2752
1298.8048,498.8334,30915084,13508.8533
-2973.3344,-640.4611,33944923,9800.52
1118.7677,-193.3768,25266315,-25566.7335
1034.2339,314.8462,24722708,-2151.5088
2309.1573,2003.8629,30112216,21799.8287
-667.0286,1230.7692,25770539,-14418.3244
-1444.5225,-1395.0588,23706934,-8007.6129
538.7419,719.2539,15293260,-35490.3506
606.777,-635.6431,15396485,674.9705
-1167.0714,-331.7012,23603810,53306.4852
47.5511,562.599,14123358,-40164.9225
-63.3714,55.1572,23128359,63759.6314
-967.026,-1260.041,22763140,-1579.096
632.3035,-95.709,16829613,-26066.3819
-1630.478,-822.2896,26646769,58332.6307
-3104.7865,-305.8842,37983637,42545.0005
2770.3605,-2075.0908,29382642,-22643.948
2167.9117,3026.0554,24926140,-15167.1249
1581.4988,1192.477,21458961,-13909.8111
2800.8136,2174.9446,33885588,57908.8009
913.242,2484.7124,26477098,-21863.2476
-377.0739,1117.8248,23913731,-9681.45
-461.7714,-1852.4051,17092464,-28524.4783
631.2267,441.4003,17200848,634.104
98.2467,212.1534,17821703,3609.4441
302.0008,279.752,14517785,-18538.7334
1738.8032,1176.2045,25934458,78639.2208
392.1278,603.6217,23744441,-8444.4294
928.5872,1814.8148,33042592,39159.2752
14.6039,-632.9574,36727892,11153.1807
591.3704,307.5121,20628841,-43833.3107
-3157.2071,182.4818,33327420,61557.404
374.7283,-2112.9326,23657745,-29014.1721
164.2649,-156.3082,16557482,-30012.4251
-141.6325,320.5606,30042969,81446.4844
1283.9654,1530.8018,22654160,-24594.1372
663.3255,-373.2709,15237843,-32737.1088
644.311,499.5592,13629296,-10556.2644
-290.9937,-628.655,18141140,33104.0136
-72.9607,338.3846,16779748,-7504.4457
-365.0701,-293.2551,19953097,18911.7798
1018.6135,830.8824,24204362,21306.2914
398.9844,780.2815,22327942,-7752.4043
361.2717,470.3329,18936832,-15187.741
0,424.919,16651457,-12068.4125
-1310.2952,-344.2341,22726128,36481.3181
-590.8958,-906.7358,20210956,-11067.3142
110.0756,-1561.3653,30808707,52435.674
146.6061,3445.2232,48992364,59021.1624
1324.8426,-2003.9937,25080760,-48806.7977
621.2526,1710.2103,18034589,-28093.9294
1026.6351,-615.3406,20738275,14991.6696
-376.6345,1101.5119,18356883,-11483.0766
820.3153,-42.7259,19037600,3708.2385
-219.3293,805.0153,16605870,-12773.3013
-482.1669,-961.1307,16846528,1449.2345
-2907.0182,135.5787,38598786,129120.1249
1313.5687,-2372.978,40557502,5074.5534
-840.2144,795.6204,30791624,-24079.0915
-3425.8583,-3468.7523,42749551,38834.9994
1875.8036,375.0938,32696651,-23515.8025
438.0429,-7.47E+00,33414539,2195.601
2668.5393,2100.3065,27496508,-17710.9461
-849.5932,1471.4495,23466701,-14655.7046
-1394.2343,-1111.031,20484348,-12708.872
2069.3718,-744.1453,25496593,24468.6577
-3333.3333,227.8574,32527251,27574.8921
-223.914,-1444.7052,28125416,-13532.7606
1832.7349,364.6105,25026151,-11019.4459
1674.8696,2209.3713,24370543,-2619.6917
-830.8648,253.8807,21188998,-13054.8794
1114.6729,246.0025,14982314,-29292.0128
-727.7181,79.3937,18709662,24878.3199
-3186.2389,-1060.1471,38515386,105858.2672
1544.3437,-1603.6154,20325271,-47228.1779
214.1011,1037.1139,23115635,13728.5451
-132.6065,-1107.1193,17410828,-24679.4302
1888.4627,1757.1174,20179716,15903.2528
-188.2421,1384.3352,23946123,18664.3211
-1320.1799,-1825.3683,18880773,-21153.1111
1168.7739,505.0875,18015310,-4583.8325
1758.3376,1318.2811,26119520,44985.1265
-678.3292,661.3471,20824504,-20272.2562
-1135.8735,-314.2184,25773932,23767.3272
-1047.1204,-1998.7105,28903378,12141.9037
29.3945,-650.5848,24726117,-14452.501
1028.5043,1427.4152,27009981,9236.6464
-145.4334,-50.7798,23363057,-13502.1346
-720.9438,-1415.2998,16731440,-28385.0568
777.5251,831.9223,17976285,7440.1546
822.4762,292.0561,24473386,36142.6235
1840.8894,2140.3611,36095413,47488.4309
-1155.4547,506.0584,40040766,10930.3445
-215.1463,-1262.3218,17408374,-56523.3742
-1264.913,811.6067,30016670,72426.6149
1441.2578,-2037.6176,22544054,-24894.8867
129.1619,1410.9091,17813512,-20983.5463
-1297.1191,509.1796,22498958,26302.7639
943.8757,-1498.3946,18430390,-18083.3619
-1409.7677,1166.2441,22581929,22525.5081
-1765.5213,-2441.644,32001763,41714.036
1210.5459,-954.1284,26379798,-17567.6728
1350.1614,1333.8273,23839548,-9629.5279
-724.0081,285.192,16601284,-30362.4213
-1057.4679,-43.7509,26783336,61332.9186
1894.3024,277.2104,20178482,-24660.3112
622.1065,749.3089,18396605,-8830.58
416.9662,1176.9803,25551065,38890.1104
-93.0699,-306.8798,13591639,-46805.9785
1454.6757,264.8722,19917762,46544.2247
-826.3879,521.2052,20841687,4638.6989
-512.784,113.6444,22102797,6050.9017
-1632.1856,-844.271,32284428,46064.8985
742.3041,-937.3211,20716039,-35832.721
-1488.1167,375.5869,27935270,34848.5104
637.9702,-1503.9217,31380309,12332.2202
1967.3565,1833.723,37278399,18795.5128
564.5277,-35.8706,25959724,-30362.5566
2458.6087,3631.4052,35280137,35903.3594
-943.1999,-221.6066,20589469,-41640.0537
1246.2368,-388.673,18496591,-10164.7983
-857.4787,961.5385,24605135,33025.2423
244.1236,-441.6839,33128366,34640.0497
577.5118,395.1199,16911999,-48950.0961
-62.2622,96.6651,18250172,7912.5655
-276.8933,-413.8787,16575798,-9174.5656
138.831,-367.1123,17786715,7305.3315
1178.4278,97.3304,16752939,-5812.0682
102.7679,944.5756,14370178,-14222.9432
657.0392,646.7593,18648712,29773.7022
163.1876,314.4654,17444230,-6458.7946
509.1304,190.8137,19755100,13247.1883
1290.0176,1299.143,23508807,19001.2048
246.716,765.4603,21554762,-8311.9701
33.2579,539.7481,23960164,11159.4923
-512.0021,-377.7837,25720060,7345.0916
-93.5704,-605.4155,18576083,-27775.8955
73.5884,448.4605,15841680,-14720.0193
1096.33,-46.6449,22428585,41579.5863
528.9956,906.6667,24635100,9837.959
190.7518,640.8562,15201293,-38294.1697
-617.1218,-150.988,11977300,-21208.6761
-1208.8783,-190.664,27473616,129380.7118
-160.4814,-2845.6623,25192145,-8304.2254
361.6637,1796.732,17580617,-30213.8941
53.3867,-59.9441,17880601,1706.3337
1213.8998,626.4578,16410400,-8222.3243
-257.0016,52.9836,16741350,2016.7089
-151.9556,145.6279,16481060,-1554.7731
377.1587,165.2456,18860001,14434.3932
1015.1615,72.5881,24645366,30675.3165
841.8168,890.2077,23850062,-3226.992
647.1235,1379.085,24152770,1269.2126
-540.0887,219.1993,25443527,5344.1365
-206.8653,-739.7877,24132379,-5153.1692
868.0443,-194.4264,25813825,6967.5932
1091.7732,2175.3247,53599613,107639.174
0,489.3549,17726283,-66928.3377
-19.0585,-404.7559,8989150,-49289.1431
819.6721,50.8001,14526927,61605.124
182.7693,1199.543,18414352,26760.1331
-861.852,-288.4917,16356720,-11174.0668
69.8014,-1396.3142,18393383,12451.5367
1851.617,1282.1331,22634546,23058.0911
-1245.1749,-289.709,21121681,-6683.8761
258.4794,-783.2239,20826702,-1396.5697
-911.7777,1426.025,21881740,5065.7949
1592.8417,-244.7904,27762026,26873.0275
1249.2973,1830.9948,21399951,-22916.4651
-462.7059,605.5363,20733946,-3112.18
1202.4297,-651.0257,21637007,4355.471
-704.3116,1007.6657,23500783,8613.8346
647.6284,-471.2651,21417871,-8863.16
1832.3324,1063.8298,23865360,11427.3216
559.6678,1867.9647,34371659,44023.2161
-359.0664,-442.0022,29517191,-14123.4614
-480.4805,431.9654,24138777,-18221.2935
615.5703,-722.8196,19680766,-18468.2555
-1007.6775,794.2716,24918117,26611.5201
-1672.3219,-3796.7883,32078067,28733.9128
1959.576,1632.0199,24899940,-22377.0559
1559.2893,2478.9352,35127771,41075.7255
2820.757,3699.9523,51597470,46885.124
-1475.8653,-1057.1675,36142690,-29952.5926
2437.8782,-1033.6217,30149052,-16583.2648
3291.6619,3937.1003,36433339,20844.0617
-122.1408,3889.5789,39186324,7556.2248
2073.3741,-1662.7724,27751381,-29180.9535
141.5891,1038.8462,33529074,20819.4792
2615.6942,399.2343,35844267,6905.0311
-2257.5517,3851.182,53159906,48307.9735
146.3891,-2659.3234,47062921,-11469.1418
-541.3892,-1347.1279,35295834,-25002.8828
892.7113,92.8556,23149516,-34412.8942
1014.2973,1287.8581,27853113,20318.3384
26.7051,1319.972,29997471,7698.8091
-1527.1252,-590.2372,36862376,22884.9459
-3161.2623,-2021.931,48600385,31842.7901
-4311.5516,-8407.4903,68311066,40556.6355
-1650.1843,3832.628,68073295,-348.071
1249.4794,-2577.4971,56387148,-17167.0065
-7045.8953,-3765.2466,93174906,65241.388
2421.2922,-6680.1372,97073557,4184.2285
6653.9103,8464.0115,71030810,-26827.8487
-4791.944,5135.8055,71677019,909.7587
3671.5093,-3055.2359,49814383,-30501.5977
-2509.528,-1448.1572,47817251,-4009.1473
-2826.7276,-2071.6652,72821057,52290.346
-6777.2483,-7139.7823,70419274,-3298.1985
6838.4013,4741.7219,65354385,-7192.4755
-4530.2013,-651.2393,56504304,-13541.679
-9483.8248,-7528.7978,93226366,64989.8493
14216.8848,1514.1087,92727446,-535.1705
-14739.0292,-5084.7458,87905868,-5199.7313
8233.6435,0,81059817,-7787.934
-4209.5927,-1428.5714,81593173,657.9783
1645.2991,3456.5217,85922661,5306.189
-3755.8685,2262.3801,84866215,-1229.5313
-997.4518,-6157.5342,78975176,-6941.5597
9089.572,4919.349,82516727,4484.3851
-957.2603,3589.5652,75638224,-8335.8893
6255.1048,-342.4888,64694427,-14468.6065
-4106.079,2257.4124,57042291,-11828.1224
7034.0681,454.6952,63420326,11181.2392
-1572.7392,4565.7308,77927186,22874.1492
-3550.8211,-4015.0565,57969926,-25610.1382
2070.8698,-745.098,49630735,-14385.3746
-921.0357,2133.5441,41243284,-16899.7114
7436.7809,3365.5706,67111697,62721.5161
-1077.0255,5782.1856,62769038,-6470.793
1003.1195,-2311.457,48318234,-23022.1849
6.06E+00,416.4906,51431775,6443.822
224.0523,-1208.2231,41905264,-18522.6176
4948.3415,2829.3277,52874338,26175.8857
-1047.7835,1301.7751,40940833,-22569.5592
3002.0945,1810.7477,50479610,23298.9324
881.1568,2983.362,52765625,4528.5909
-1982.0829,-1598.8858,36669595,-30504.7652
-4135.7249,-1772.0659,56203749,53270.7111
3396.4962,-1216.1383,34651604,-38346.4544
-1210.2351,1587.0237,32790804,-5370.0256
1825.9246,-1177.4166,34305320,4618.7218
-286.4509,2632.8025,33194384,-3238.3782
-2436.0816,-566.2835,34392694,3609.9781
4487.3682,-1349.7352,51286559,49120.5051
1003.2125,3914.0977,53875857,5048.6873
-2589.1412,-2333.3333,39370474,-26923.7165
2446.0102,-745.165,30372862,-22853.705
1073.5853,3513.0953,36839168,21289.7487
984.7311,808.3269,32139299,-12757.8044
580.6946,1147.8471,28315992,-11896.0498
588.2353,439.811,30912638,9170.2456
1115.4429,-989.2961,30892660,-64.6273
-2265.1815,1992.902,32038199,3708.1268
-1512.2459,-2275.1606,44711488,39556.8084
433.936,-2744.4536,41873911,-6346.4159
1456.8216,856.1451,46610382,11311.2697
955.4488,3736.1778,35306620,-24251.597
-692.2287,-387.6178,26799116,-24096.059
1105.4839,-118.8996,31261334,16650.6164
-1201.1203,319.2468,29119513,-6851.3423
43.6134,-1192.0173,20826898,-28477.8629
-1057.1631,1719.5262,36073609,73206.8261
132.1804,-3295.0521,39517146,9545.8622
-225.5101,299.667,33831824,-14386.9752
1019.8456,1101.0291,42146720,24577.1437
-229.1951,-103.9785,22668821,-46214.5073
1137.6689,936.781,30794585,35845.5519
243.3616,309.3623,27311016,-11312.2778
-1316.3574,-281.3548,28761809,5312.1165
2339.8207,-911.5572,39893643,38703.5252
619.6581,1817.9827,33211590,-16749.6686
764.4935,1107.8843,29783916,-10320.7164
3709.1675,1664.8936,43872329,47302.0841
-5369.8435,1046.4082,52854672,20473.823
789.177,-1341.0656,43373587,-17938.0264
639.1818,-3127.9521,32770189,-24446.6707
2450.5134,4502.1129,42556656,29863.9321
346.128,1109.4406,25687822,-39638.5327
1070.8402,-528.1239,23061648,-10223.4203
-595.9658,2365.9794,44441141,92705.8335
2777.3508,-1409.9401,32818929,-26151.9208
668.0959,3217.7333,30917447,-5793.8576
-2015.7496,-242.4662,36740647,18834.6729
1263.6474,-1884.9206,27803933,-24323.7796
-2001.5973,975.7331,54675780,96647.6469
1074.7211,-1977.6699,26701586,-51163.7767
2554.9284,1072.6325,34310283,28495.2999
584.7379,2658.1767,32061206,-6555.1106
762.0909,1250.3692,29315762,-8563.1339
2152.6229,1531.5053,31897629,8807.095
-1162.7907,775.7506,33600732,5339.2777
2199.2797,-180.5655,33600025,-2.10E+00
700.0893,2979.9591,33121681,-1423.6418
-303.2848,-1252.7158,26177633,-20965.2644
-3088.8754,402.584,38135606,45680.1155
618.1485,-3893.1369,37591820,-1425.9273
-148.7881,1663.9984,32179409,-14397.8424
-1980.3884,-1985.1117,29940653,-6957.1073
-510.0039,-452.7751,31635281,5659.9567
4298.1073,259.2067,36884836,16593.9888
-1346.8809,4224.3902,38105777,3310.1435
1437.1257,-2087.4286,49605692,30178.928
-4349.4687,-960.8031,67457035,35986.4811
-612.2247,-3267.5322,39826989,-40959.4729
1266.766,523.8998,30160867,-24270.2806
-897.7189,1062.1929,23251388,-22908.7546
1009.801,-545.1599,19632602,-15563.7418
-78.4083,-740.7407,25079596,27744.6362
544.3845,1691.5423,51247969,104341.286
5624.1159,3483.3659,78983009,54119.2959
-1500.8774,1252.8366,49280056,-37606.763
-164.0958,340.8507,28858621,-41439.5532
1601.3901,-1191.2517,32656843,13161.4813
-1788.7682,1182.0665,27820421,-14809.8271
-1990.7756,-1480.1024,36716462,31976.6584
-2338.5354,-2130.6751,36446459,-735.3731
2856.7214,-902.6839,28041364,-23061.4859
-234.2368,2021.5305,22588870,-19444.4678
95.8313,-324.6753,17958936,-20496.5277
660.6032,402.3759,20184757,12393.9469
575.4232,443.7023,21336167,5704.354
-846.3757,455.992,27627561,29486.9927
2327.134,-922.0294,26981478,-2338.5452
-727.0016,2061.6589,36249319,34348.9004
314.5245,434.8639,25460147,-29763.7923
1300.95,-786.815,23043696,-9491.1117
2161.9624,2243.0784,39600828,71851.026
2455.347,2299.4309,57602195,45457.047
1028.3344,2373.368,26292896,-54354.3506
-1476.5628,-517.1356,28774156,9436.9977
771.516,-656.3877,25791235,-10366.6672
1927.2231,1090.8607,34080839,32141.1673
-6194.6903,570.2505,58400288,71358.1288
-1403.5895,-6180.4859,59664072,2164.003
-5409.5683,-3998.1404,52924330,-11296.1482
4258.3638,532.6877,45678986,-13690.0061
-2801.8363,2793.8343,35461514,-22367.9921
-652.4809,-2905.3421,33620073,-5192.7873
676.3711,-1428.5714,30375768,-9649.9047
1640.6212,2046.6118,21823942,-28153.4478
-1786.5696,1055.5609,26372464,20841.8901
-1043.6479,-5018.5168,34011257,28965.0334
-1241.9299,1374.6563,55225326,62373.6694
1072.9078,-2766.2722,39839657,-27859.8066
2409.4006,3991.0746,33517065,-15870.0965
-3292.8358,1384.9605,30803780,-8095.2345
1296.1763,-3872.0539,31202493,1294.3639
2278.6554,1851.3885,29437312,-5657.1794
779.5207,3601.0808,32004936,8722.3453
-1040.8709,-725.5311,24464472,-23560.3158
1481.2313,-773.8237,33829088,38278.4309
1012.6943,2772.8301,27158418,-19718.7403
-2951.1437,-2571.549,33154781,22079.2058
2032.1063,-375,21331561,-35660.6789
-2124.7267,772.1262,28554261,33859.2192
1903.7444,-842.8311,25681054,-10062.2706
357.4322,1666.1837,19925837,-22410.3614
2483.6167,342.0265,26458047,32782.6128
2590.2414,3579.0371,40461368,52926.5104
659.4399,1796.243,28950843,-28448.1854
-897.4244,125.7184,23451713,-18994.7146
-543.3306,-2645.7399,22733064,-3064.3774
0,1404.8825,26057882,14625.4724
-2476.5547,122.6437,27625841,6017.2158
200.7282,-2095.9985,22753511,-17636.8567
69.8812,-1241.8906,22724906,-125.7169
41.8994,380.0676,22351450,-1643.3775
623.5749,514.1869,18879608,-15532.9609
-2844.1937,-548.7606,37111561,96569.5527
1508.949,-1056.8155,36700325,-1108.1075
-4956.6237,-1852.6395,51195593,39496.2933
1006.5127,-1733.5195,31432563,-38602.9907
-1099.0621,-279.3159,36980111,17649.0476
-69.146,388.2064,30842163,-16597.9707
2026.3925,-195.8001,27512030,-10797.3393
4824.8801,4968.3653,42311777,53793.7295
3188.6871,3747.3133,36080137,-14727.909
192.5747,99.0812,25231895,-30067.0754
-2382.4423,980.8333,44394950,75947.7439
-3379.2756,-4428.8006,44045120,-787.995
2625.468,-983.683,29440788,-33157.662
-512.5837,2269.41,21616115,-26577.6616
496.658,-391.3264,18630307,-13812.8799
332.5482,-688.667,24953344,33939.5212
-1275.1462,572.4391,24154112,-3202.9054
-1576.0515,-1133.7344,28372789,17465.668
634.8304,-1062.4854,24792746,-12617.8748
-955.6539,387.927,22843119,-7863.6993
-133.0862,-589.0669,25683507,12434.3265
1784.7794,-644.7025,33979731,32301.7569
4.68E+00,2633.7134,21012887,-38160.5258
635.9003,-120.8684,14512213,-30936.6057
-538.9583,-349.0808,33064753,127840.8744
999.673,191.4993,30931318,-6452.2938
-388.5112,172.4861,23724509,-23299.3919
-524.6785,-125.6515,25120922,5885.9511
56.0119,-181.725,24666039,-1810.7735
-32.6553,70.0215,24619997,-186.6615
802.6506,-186.5933,23284094,-5426.0892
-1948.9838,556.1527,32440603,39325.1676
-604.3437,-1575.5717,26467017,-18413.9179
1301.539,-812.2019,30979440,17049.2315
440.7765,1452.0352,28798379,-7040.35
-32.6797,971.3749,27018106,-6181.8514
2405.081,-195.1945,35023253,29628.8237
63.8453,2384.1676,32515784,-7159.4406
-378.27,-582.1622,63354922,94843.5935
1829.9099,-475.7766,37181886,-41311.7642
606.4962,2362.6752,22643397,-39100.9993
-1303.9207,188.603,18699638,-17416.8169
782.7346,-757.4739,10550572,-43578.7367
992.1437,1368.4401,17933496,69976.5283
-360.064,828.6924,17403213,-2956.9416
-1101.9407,-477.2215,20272337,16486.1741
333.8145,-1567.2868,20942132,3303.9851
-2126.6073,374.3798,37130139,77298.7535
96.4675,-2368.22,23822953,-35839.311
-2592.9325,-2342.8151,35930653,50823.6741
2845.7008,881.3687,27694480,-22922.4139
609.2812,2167.8191,22956206,-17109.0918
-969.857,-96.0307,23047029,395.6359
-1177.0656,-901.7256,23249336,877.8008
656.0275,-1145.4965,20087080,-13601.4895
-1534.6214,883.095,29346737,46097.5762
-173.6926,-1106.9427,31746512,8177.3146
1782.2713,107.7182,30480859,-3986.7466
3649.9723,1847.9532,37777260,23937.6489
280.8237,3215.4341,30749553,-18603.0088
435.6136,1059.19,30172663,-1876.0923
1584.4213,898.3618,33152095,9874.6074
1219.8841,1195.8799,49169601,48315.2151
245.3407,2648.1497,69870638,42101.2914
2589.094,-1004.2017,49111159,-29711.3059
-2917.1724,161.2835,42503138,-13455.2333
3315.2268,-394.0845,33314193,-21619.4508
-58.4185,2654.6414,25916337,-22206.3191
1457.1417,-716.9499,27158104,4791.4449
-407.4074,1289.8109,25296100,-6856.1634
78.5092,-177.2027,18054752,-28626.3416
111.4781,379.8043,22211929,23025.3897
536.1488,-526.424,23564953,6091.4295
-389.7116,1294.0836,22186706,-5848.7153
687.7522,-89.7959,15751059,-29006.771
204.5073,-347.2506,16561079,5142.6383
-526.5521,450.949,26728487,61393.3911
205.1703,-1514.1003,21673109,-18913.8203
-167.8952,198.906,16925563,-21905.2375
-1156.7333,806.4516,25262600,49257.0735
-2680.8316,-2596.9231,36446936,44272.3077
-528.7621,-2986.2691,30228704,-17061.0556
548.7204,-138.9311,26339746,-12865.1165
-2370.4967,899.9609,39542235,50123.8281
1480.414,-236.9872,37819227,-4357.3865
1962.3031,1887.4444,25332837,-33015.9842
-1295.6867,470.5384,22812459,-9949.0554
-2698.0801,-2046.3272,34029526,49170.793
-364.739,-2334.5968,44727785,31438.1664
2147.9293,1226.0739,41872770,-6383.0905
-1817.7893,806.03,35267440,-15774.7625
2810.15,652.6343,33080531,-6200.9292
-581.7435,1769.1515,29746812,-10077.5861
2026.5037,-860.7595,29907586,540.4747
-581.9593,-404.3241,22653662,-24254.4617
-398.7275,405.9656,26042669,14960.0846
1235.0411,561.7978,28092196,7869.8808
-281.856,-55.0195,29562100,5232.4283
-2666.2167,-1520.2202,34852251,17895.0447
-160.3675,-662.1947,46430730,33221.6103
2448.448,-324.6472,30127005,-35114.0828
673.7574,3135.4497,31638376,5016.6653
-892.331,151.5853,25620127,-19021.9909
-1325.0658,-1072.1043,34061853,32949.5869
1781.8714,-1593.7102,25479853,-25195.341
-524.3572,2176.6357,25227455,-990.5787
-1441.0814,-1293.3767,24792012,-1726.0679
1690.7483,-265.4905,43623471,75957.7682
2790.8555,2387.1882,30337982,-30454.9104
2772.8492,1798.9684,36910609,21664.6809
-485.8072,1997.858,22931923,-37871.7295
823.0453,80.7722,22719835,-924.8592
1340.5362,2001.5334,23625197,3984.8969
1026.6535,39.5617,24326833,2969.8631
23.4512,727.6466,27098942,11395.2729
1008.1669,1001.1385,23837469,-12035.4256
-1121.9003,85.5166,23070938,-3215.656
1529.7938,174.7709,25627481,11081.227
477.842,597.0612,24878582,-2922.2498
-767.0476,277.4887,23209260,-6709.876
-185.5144,-910.8728,19722875,-15021.5259
898.3195,434.4116,24030383,21840.1628
-1308.6192,490.4611,25606152,6557.4028
1547.6144,-895.4306,21499286,-16038.591
153.1687,1465.798,19763346,-8074.4077
160.5812,-26.7523,31014213,56927.9463
-2828.5682,-2106.3496,46903119,51231.0469
-805.3111,-242.1118,40589023,-13461.996
-130.6879,-2239.0981,30945098,-23759.9338
-126.8935,1465.5241,19626568,-36576.1647
-1615.9771,-958.9582,32756052,66896.4844
-532.7091,-761.0471,21901325,-33138.0809
1322.6762,-1047.9403,26491085,20956.5403
1093.1806,2312.8424,27032912,2045.3183
-2091.4204,-507.6343,29299890,8385.9926
-384.3353,-2519.2331,33641589,14818.141
-2936.2791,-973.2161,36684370,9044.7006
1686.1925,-152.7852,29624298,-19245.4498
2106.7358,1563.2754,23637263,-20209.8797
-1196.8567,394.9833,24970168,5638.9989
-856.5136,-113.5672,20167975,-19231.7208
16.4555,-2826.1664,25739807,27627.1267
1382.0336,1943.0864,21800716,-15303.4986
-531.4833,1479.7508,21863058,285.9631
2288.2082,88.8638,21411547,-2065.1777
374.8305,1606.1988,17704303,-17314.2277
-91.3714,-135.0439,17771600,380.1166
-866.8337,-103.4085,24426244,37445.3848
148.4096,-67.6832,18274942,-25183.1677
-913.1689,91.6335,23213310,27022.6193
-40.4204,-1233.9291,19406705,-16398.3723
-642.9438,-1172.7723,25307711,30407.0475
2067.4779,1035.8046,25281094,-105.1735
1204.1947,896.0284,23079167,-8709.7774
-488.5544,2072.1658,22454998,-2704.4694
403.8484,-529.0798,17937634,-20117.4099
1439.3312,189.1178,24563619,36939.0133
252.6823,1455.0317,18999731,-22650.9294
775.5244,-34.8851,18243135,-3982.1406
-588.7106,728.9647,18038931,-1119.3471
-379.3157,-146.2776,27219956,50895.6157
1367.6276,-1283.7317,27565537,1269.5869
-563.4343,1390.2449,37202217,34959.1593
1233.4734,73.1811,26696119,-28240.5159
1096.5998,1116.1573,24694090,-7499.326
-86.6257,1244.6711,19518681,-20958.0875
531.5139,63.9122,21446867,9878.6696
-626.1952,26.3,25611113,19416.5703
1396.121,-15.0246,19590024,-23509.6733
997.3206,1006.7997,19937811,1775.3271
-184.2299,676.9071,21656457,8620.0336
258.3979,-398.9804,16725323,-22769.8095
2227.5405,1190.6087,26474408,58289.3676
3.60E+00,1909.684,31565560,19230.4659
817.5466,492.7526,23260031,-26311.9964
-896.6527,-894.7745,24618591,5840.7489
187.4414,-426.1466,23916665,-2851.203
-223.0697,1247.6425,18931695,-20843.0816
1319.775,-587.4767,26120128,37970.3613
544.5227,1740.4151,23113662,-11510.1503
-523.8753,-123.9596,22604227,-2204.0428
-99.6335,24.8227,26186848,15849.3409
-1332.146,-1113.1989,32935634,25771.6622
833.9049,-322.6616,26259741,-20269.5142
744.6656,316.5126,24364320,-7217.9729
1684.435,1767.5953,23384059,-4023.3464
1233.6618,1243.6584,22768071,-2634.2219
-214.0367,567.213,23176073,1791.992
-868.3619,148.7889,33604073,44994.6805
-111.6773,-152.0229,33566853,-110.7604
97.8268,-951.59,18168294,-45874.3005
-554.9738,-373.8122,20944846,15282.4035
-31.5889,417.2949,16267357,-22332.4106
807.5276,-328.2581,17879048,9907.516
-212.4547,280.2887,16191301,-9439.8035
1050.5742,230.5919,13900167,-14150.4009
-20.724,568.1818,16589336,19346.3071
-390.3821,429.7945,16117629,-2843.4351
-655.4989,-327.8689,18616578,15504.4455
178.0478,-550.554,13955934,-25034.9124
996.6893,-201.9428,14570391,4402.8368
1048.9631,994.3132,18249046,25247.4693
597.5756,1281.6084,22516027,23381.9401
-515.9538,-272.8606,20075250,-10840.1762
-801.8289,-119.7031,21812985,8656.1064
2077.529,-1147.1031,29850461,36847.2082
2557.5361,3820.7073,40817646,36740.4209
95.2819,1177.7659,22830157,-44067.9235
-666.3384,583.6768,18175774,-20386.9951
-201.5729,-236.0501,20006057,10069.904
-966.8554,-1087.7424,17666084,-11696.3228
210.6389,-664.4739,22605726,27961.1599
1291.2051,712.3984,16348072,-27681.721
-563.2597,1095.9086,26285338,60785.5532
-16.5629,-509.165,18983826,-27777.889
-225.2924,-221.217,16290545,-14187.2402
-3.32E+00,-400.3971,14751610,-9446.7987
-318.7886,6.64E+00,17184083,16489.5425
9.99E+00,-408.6243,15046819,-12437.4632
-985.9765,346.9211,19927000,32433.307
-518.0824,-797.8193,19633363,-1473.5635
432.8565,-291.5354,23652949,20473.2424
942.7927,675.5167,21853433,-7607.9985
1677.8412,1235.1449,28356304,29756.7481
131.225,164.875,19550815,-31053.0209
-1752.834,134.975,41372457,111614.9992
-1857.4716,-2577.506,38278661,-7477.9122
169.8947,-215.9754,22364103,-41575.5347
1282.2252,351.7197,26626342,19058.3946
328.2202,714.4542,18604601,-30127.0862
-70.1028,-207.4619,14998978,-19380.2759
-1730.4159,-700.8014,23571742,57155.6542
-3620.3556,-2140.8793,43186237,83211.9026
169.3002,-1621.8081,26353696,-38976.6328
-732.3944,213.96,32343635,22729.0282
2546.8218,-1256.5188,30086280,-6979.2867
-2071.9474,1871.544,31350747,4202.8027
1995.6907,-1165.6228,24993024,-20279.335
1506.4413,609.0477,28002559,12041.5001
593.6338,3289.2435,20430471,-27040.7001
0,352.3274,17685700,-13434.6927
-210.2764,-1114.0369,19298634,9119.9896
-458.8247,826.1641,17974143,-6863.1334
1171.1281,-145.5949,23424025,30320.6779
2173.3995,1458.072,27262902,16388.6309
482.2461,1046.088,25384803,-6888.8448
1012.4585,406.8268,22729297,-10461.0069
305.9,1574.5956,17682139,-22205.5174
-266.0351,278.9038,16537069,-6475.8568
1089.7498,-659.7458,16918100,2304.1024
-514.8668,1051.535,17449332,3140.0216
-333.1608,-335.0515,17554469,602.5274
642.5859,530.1267,28107349,60115.0624
4211.4089,1607.717,52588690,87099.4308
365.1329,2636.0759,26297943,-49993.1582
2241.4059,-61.6656,34765982,32200.3854
-678.4874,2230.5865,27073182,-22127.3773
1141.5733,-316.8759,26487109,-2164.7732
261.1593,1086.8578,21500082,-18828.1288
730.5389,-302.4858,23992202,11591.2116
-112.9473,1688.2454,22570098,-5927.3592
276.7363,-357.4488,20897001,-7412.892
-308.6145,-56.3297,21307370,1963.7698
-1532.9662,-753.4633,25500938,19681.3028
492.7449,-992.3185,16849844,-33924.6109
1290.4972,806.0377,23831049,41431.8673
-193.0387,1084.092,16723009,-29826.8028
1023.5963,-551.0458,20886832,24898.7667
-114.8714,971.163,19053380,-8778.0282
633.9939,-224.2285,22463533,17897.89
539.1625,1318.8243,21963403,-2226.4085
-955.9616,577.866,31031113,41285.5421
-632.6693,-2196.6224,30427563,-1944.9834
68.1118,-228.4528,21661307,-28810.2468
-2435.5598,-573.9265,23835259,10036.1072
2108.1048,176.4618,28563481,19837.0909
-1794.2548,113.4532,42885609,50141.3956
-154.2696,-56.6623,33401146,-22115.7242
-178.7445,-1441.2318,30765980,-7889.4479
-1966.6758,511.6561,41779279,35797.0037
984.4896,-2421.7597,30032556,-28116.1458
2676.3543,2373.8231,31021936,3294.3583
14.9289,1106.6216,24760988,-20182.3252
-558.2589,-268.4083,22214158,-10285.6558
2833.9838,170.4494,38095694,71492.856
-916.6813,1701.5941,28899431,-24139.9015
-3258.6918,-2189.7382,44438699,53770.1521
1921.7884,-1383.4704,35381122,-20382.1831
-2913.4917,2160.6159,35034831,-978.7451
-338.5657,-4417.5032,47983713,36960.0242
-1201.3589,-258.6637,28326532,-40966.3608
2306.8988,1012.3418,24740597,-12659.28
1805.738,1549.6922,24831493,367.3961
447.1789,1355.4676,19617848,-20996.0996
2318.5634,814.4252,19947029,1677.9669
-350.4161,2292.3746,15661467,-21484.7133
205.1282,-539.1228,15041956,-3955.6384
-769.1183,178.7284,15994471,6332.3879
-884.1212,-994.4137,18000797,12543.8722
-466.8173,-933.5027,28918013,60648.5146
-1714.7125,-155.0619,32674306,12989.4575
-3838.7891,-2678.9714,40054327,22586.619
-790.189,-3900.448,39646148,-1019.0634
50.9749,319.3358,32720018,-17469.8687
73.2391,-1483.3678,44289467,35358.9323
225.9204,1256.9065,29386774,-33648.3909
1044.5108,2007.1479,34372217,16964.921
-4232.2556,250.2581,45365979,31984.4426
1771.6535,-5061.3162,39846414,-12166.7494
-2433.9136,-59.1619,42434112,6494.1804
224.682,730.095,45933855,8247.4755
-570.3359,907.6366,35380675,-22974.7318
-1846.817,-2064.2573,57984403,63887.2153
114.8532,-3465.5919,86035393,48376.785
-2658.8386,-232.7173,72848638,-15327.1282
2849.3189,5649.6981,90428853,24132.5239
1054.9021,-1730.5757,53481317,-40858.1274
2808.1644,-802.8811,49743698,-6988.6443
882.372,2904.4399,46444536,-6632.3215
-713.8723,472.5684,40950396,-11829.4647
1522.2179,-251.2806,36635989,-10535.6905
-3895.2338,-45.2153,43729972,19363.427
1556.8465,-2998.4814,35096488,-19742.7156
-1631.0388,1985.277,28533286,-18700.4523
1199.5348,-1606.9504,32421188,13625.8474
2183.4778,2861.4108,31284671,-3505.4761
-2837.3124,-1881.4341,45386199,45074.8803
-2427.4092,-279.5685,39175620,-13683.8491
-13.5575,-3106.9626,36359487,-7188.4836
1854.2373,2124.1107,27379488,-24697.8155
-322.8276,-546.6484,29982121,9505.7767
-2928.2137,-673.6602,32461580,8269.7919
-963.0929,-1116.8849,34264008,5552.4962
-72.9344,-2746.9715,41736117,21807.4576
-2589.323,1817.5439,37811167,-9404.205
5109.3588,-6089.3239,56989686,50721.8383
923.3172,8304.2824,32546721,-42890.1556
497.7969,-281.2225,34627457,6393.0741
-1285.1836,710.1356,31217778,-9846.7496
1776.5723,-350.8772,31873007,2098.897
-1422.4325,2549.4312,27314469,-14302.1899
-2047.8508,-2839.3146,32369655,18507.3559
-3777.6858,-1957.253,43157178,33326.0364
-1097.1281,-3718.8507,48159475,11590.8807
4585.8256,2030.2376,35204480,-26900.1998
-1008.6655,-148.1795,30628012,-12999.675
-1932.8408,1745.4597,27209330,-11161.9455
-1296.1045,-2646.2009,30660747,12684.6821
3874.2584,3.57E+00,34245085,11690.3153
2521.3303,3124.6656,37826329,10457.6876
281.9389,1445.8165,30816633,-18531.2617
1764.7856,709.1957,43390625,40802.6146
-422.7274,1191.7256,28351245,-34660.4364
1637.9195,304.4598,27599689,-2650.8748
-1502.9928,236.8245,25715377,-6827.2943
1539.2834,-455.8917,24484456,-4786.7119
-138.1125,2035.8361,22566453,-7833.5537
2311.6438,-294.8596,29578188,31071.498
1515.9318,3147.8987,30393403,2756.1357
-491.4239,-47.7844,28163555,-7336.6184
-1768.3043,44.6201,33422070,18671.3467
360.0272,-1443.1348,27110529,-18884.351
1793.6785,232.731,24335868,-10234.6251
-1298.5364,1025.5087,23156719,-4845.3131
-3660.5764,-2579.2447,40110372,73212.6732
624.374,-2794.9802,31411155,-21688.1983
-1459.9993,1274.1859,24361917,-22441.83
-3943.1592,-2879.1106,34569264,41898.7841
-1121.7836,-873.9162,30966721,-10421.2314
1971.2118,-2250.726,21907176,-29255.7452
-2708.4347,1895.8016,28221607,28823.5736
246.5783,-3186.5042,20778000,-26375.5604
1703.9783,168.5131,22297720,7314.0822
371.5387,3586.513,22906667,2730.9833
-1938.1198,-283.3449,29454587,28585.215
-2414.4439,-2391.0181,29405798,-165.6414
2441.3385,-2978.5572,35678852,21332.7113
-3740.3819,1540.4881,46518445,30381.0027
4810.8948,1657.6577,63477694,36457.0419
2263.2582,1095.3563,33646570,-46994.6561
-4181.1967,1199.2005,37073923,10186.337
2504.324,-3776.7229,35151105,-5186.4433
-945.6182,2250.5491,25978605,-26094.4855
2910.0717,-482.4623,33599320,29334.5813
-4355.4728,1043.9152,43260386,28753.7545
-944.6548,-3757.7923,37780322,-12667.6262
-3694.5365,-1728.4669,47725952,26324.8947
1859.551,603.5696,39336424,-17578.5451
-3320.9647,-2212.0799,48975898,24505.2118
-1995.7782,-3007.3773,51033802,4201.8709
2259.6436,-131.9415,34925093,-31564.7833
145.527,1014.183,32550933,-6797.8631
2034.4168,2365.7486,28828799,-11434.7997
-4774.7545,-1168.6896,31355985,8766.1855
-369.9622,-3460.076,32692286,4261.7095
-229.1222,1315.4785,39199279,19903.7565
3203.1992,-680.2986,33175379,-15367.3745
-395.1659,939.3714,29043904,-12453.4372
1117.0172,96.9406,28547947,-1707.6113
1287.521,1599.907,25002105,-12420.655
2760.4363,2367.7889,26910806,7634.1612
-501.3907,1508.4923,37827695,40566.9343
202.3026,979.7087,25292174,-33138.4743
792.8933,-3906.25,44008209,73999.313
-1660.7182,2215.9198,28058958,-36241.5362
-470.3355,647.4048,22400342,-20166.8786
1395.3488,-1992.2076,22860677,2055.0356
-766.9725,1901.4401,17372341,-24007.758
-2078.3255,-1446.3951,26439728,52194.3876
-4456.3616,-2688.7744,31445841,18934.0564
-4241.2744,-5936.7565,46135788,46715.0712
920.4986,-509.9751,28651487,-37897.4799
2973.5367,1824.8175,33111729,15567.2269
-2697.013,-938.3432,33169160,173.4461
1094.0115,-520.3675,43084780,29894.0944
2459.1157,2272.17,29928297,-30536.2659
-240.4036,651.3226,25961215,-13255.2881
2263.659,1460.9552,25861449,-384.2886
3414.9733,2441.6011,33923231,31172.971
-1049.6825,2444.5208,24615114,-27438.769
-3174.9028,-1577.1224,27380247,11233.4763
1473.7991,-2420.6379,20069839,-26699.5692
-1317.9129,-209.6355,31730868,58102.2548
1070.7472,-256.7594,22837692,-28026.8917
1259.7273,-89.7071,22971634,586.4953
1278.2956,2962.9919,23824419,3712.3393
822.6588,519.4313,20859874,-12443.3045
-275.7079,-124.4719,19658751,-5758.0549
-1176.8662,324.7857,19519108,-710.3351
-4098.1437,86.5801,35868450,83760.7026
-374.5023,-5901.1584,29497423,-17762.2033
538.145,151.8846,25102823,-14898.2506
1039.0428,2055.3139,29774050,18608.3732
-962.1377,1575.9424,20975034,-29552.6339
2076.6962,-835.4187,25012562,19249.2084
1055.7546,900.691,22788282,-8892.6516
979.9062,-42.324,22404675,-1683.352
-1691.5874,2097.8483,21881290,-2336.0526
-587.6479,-1598.5523,21055998,-3771.6789
-2677.4331,-436.7816,39347957,86872.9138
6685.1925,500.2694,45994049,16890.5644
2854.0597,3289.1714,33459327,-27252.9214
1566.5135,2947.1733,32152752,-3904.965
-972.43,43.2121,21539580,-33008.596
-1147.4407,-655.1004,22754184,5638.94
2783.6402,275.3623,23518874,3360.6567
417.7435,1821.0724,18098668,-23046.1969
-260.8849,-940.3833,16774606,-7315.798
-915.4855,1755.3287,18757818,11822.7039
706.3356,-1552.5436,23405238,24775.9094
2430.039,3050.3505,24687845,5479.9998
-740.0747,930.0066,20065938,-18721.387
1703.714,-814.853,22619675,12726.7263
534.4113,873.5441,18085654,-20044.5895
-258.9703,340.2062,18102882,95.2578
-474.8727,-770.5743,18253358,831.2268
-394.7549,155.3117,17186192,-5846.4092
-1385.3948,-444.5363,20570033,19689.3006
-2935.5233,-2360.6784,25061070,21832.911
-471.6472,-1999.4328,17527409,-30061.2105
-235.1324,-372.5944,18137019,3478.0383
1109.5399,697.1424,16583407,-8565.9722
-3858.7054,631.0172,27549307,66125.7364
-1066.8059,-4740.5762,20338544,-26174.0268
-852.0906,308.4446,22767071,11940.5155
-570.4073,-479.994,24791834,8893.3838
-409.2248,-2456.7617,23263431,-6164.9453
-1666.6667,1093.2128,22855380,-1754.0448
-1097.399,-2101.6431,21328242,-6681.7441
1911.155,-585.4801,24126700,13120.9033
166.6085,1103.2587,20319911,-15778.3244
2297.6946,1161.12,22093190,8726.805
828.1025,2026.8714,18747690,-15142.6752
-5497.8436,-2611.1822,33353318,77906.2807
91.2735,-2051.4604,23912954,-28304.1225
-2711.9182,-1483.0592,31530948,31857.185
-260.82,-2206.0295,39791768,26199.0854
-89.8913,-732.8257,26826931,-32581.7063
-846.5565,-164.9689,26660299,-621.137
-1443.5966,908.828,28625557,7371.4777
849.5501,-2620.0516,31061162,8508.4982
-1269.8149,702.0642,34176048,10028.234
-197.5454,-1039.4924,27694190,-18966.0841
-437.9869,1236.0262,27018732,-2438.9881
1971.1518,-1320.9434,29029679,7442.7882
-1480.8977,878.3413,27484233,-5323.6758
-1936.8421,-251.1616,35694832,29873.8517
3366.2516,-1208.6114,28880357,-19090.9289
3381.2412,4111.9749,34888416,20803.2712
128.576,367.212,20347136,-41679.393
-967.0947,788.6499,20239886,-527.1012
-5085.2952,-2835.4778,37769602,86609.7566
-2130.2937,-3258.6135,29743608,-21249.8771
-1675.0273,-2329.9721,30473954,2455.4721
150.8363,-975.3097,21903937,-28122.432
3760.7973,-2462.2893,42551818,94265.6154
-2424.8634,7136.6841,30198588,-29031.0275
3924.5712,118.8758,28142268,-6809.325
408.3695,3146.4676,26329591,-6441.1191
-846.9602,-2548.9229,19985698,-24094.157
-139.5467,-535.7746,21811015,9133.1161
2528.0542,-436.8664,26299733,20580.051
2118.7841,3842.5492,24911212,-5279.6011
1379.1709,1435.8385,34775505,39597.8044
-7715.6307,-6507.3202,82684846,137767.4918
-1975.6182,-56.2357,40424645,-51109.9712
4022.0507,-2077.5623,40647724,551.8391
-1585.6192,3323.9038,28357265,-30236.5244
-1705.9406,359.3429,30592271,7881.5993
-3536.8366,-2190.9633,38407008,25544.8084
-2657.8828,-4083.5004,36633922,-4616.5689
3332.5554,-1154.0733,36789063,423.49
2926.9615,2040.9101,33497979,-8945.8218
438.8467,3022.6587,28192548,-15838.0629
-1905.0116,-581.5479,27852910,-1204.7084
8226.805,3544.8828,46268021,66115.5728
1699.7284,3211.1456,34620246,-25174.5693
-2250.0101,-411.5396,31123340,-10100.7543
173.877,1516.5916,31390117,857.1606
-99.1858,-1168.2814,24093272,-23245.6763
-20.6842,-2063.5117,23123544,-4024.8913
-190.3343,2409.7906,27613523,19417.348
344.0842,-854.1744,26394700,-4413.8627
1231.1506,894.6693,19665699,-25493.7582
1040.6889,623.9993,19508462,-799.5495
-36.3519,897.5562,9200772,-52837.0202
-2315.2451,-497.3515,24810271,169654.2312
-591.4957,-1901.8205,17956313,-27625.4862
6162.3601,-343.8277,47594239,165055.7439
-176.3738,5528.5364,26041524,-45284.2938
129.5693,-1595.3047,21528520,-17330.0303
-1890.0478,876.6312,23435294,8856.9674
-2030.3757,-472.2035,22463727,-4145.7427
-305.9726,-2388.1668,20481522,-8824.0255
1239.9231,4.08E+00,22611757,10400.7651
-800.3234,-57.1802,20609743,-8853.8631
2888.9251,1123.8251,30665069,48789.1867
1746.4655,5754.6979,42196884,37605.7037
116.7679,-1742.5198,35410933,-16081.6401
-3191.8202,-1326.1774,35568093,443.8177
-1734.8701,-2037.6793,86101994,142076.4982
-1732.8048,-1484.6107,29696436,-65510.1646
561.4473,-2229.8456,25150802,-15307.0018
1087.6758,956.5581,23690607,-5805.7592
-2552.8781,-177.9139,28651664,20941.0295
226.7098,-2134.6265,21206982,-25983.4193
-741.4234,1096.9463,16424889,-22549.616
-1025.4895,-758.274,17457104,6284.4565
2762.9728,-523.4497,19770693,13252.9943
-493.7554,1086.3569,21938472,10964.6081
